syn_id	sample	gene	chrom	pos	ref	alt	consequence	disease	hpo
SYN-001	NA12878	TM2D3	chr15	101652355	C	A	stop_gained	Neurocardiorenal malformation syndrome	HP:0000046,HP:0100581,HP:0000233,HP:0000680,HP:0000691,HP:0000160,HP:0002257,HP:0005484,HP:0001357,HP:0012426,HP:0002277,HP:0000540,HP:0000750,HP:0011344,HP:0031936,HP:0001250,HP:0000739,HP:0003763,HP:0000718,HP:0100716,HP:0033705,HP:0000713,HP:0010535,HP:0031355,HP:0001332,HP:0007333,HP:0012450,HP:0012531,HP:0004322,HP:0001511,HP:0000958,HP:0000960,HP:0000954,HP:0001596,HP:0011359,HP:0001643,HP:0001655,HP:0002789,HP:0001601,HP:0011939,HP:0004691,HP:0008936,HP:0002509
SYN-002	HG00096	GTPBP2	chr6	43622077	G	A	stop_gained	Jaberi-Elahi syndrome	HP:0000687,HP:0000341,HP:0005487,HP:0000331,HP:0000582,HP:0012745,HP:0045075,HP:0000253,HP:0011451,HP:0000248,HP:0000648,HP:0100704,HP:0001344,HP:0012736,HP:0002187,HP:0002015,HP:0002197,HP:0001257,HP:0002540,HP:0001332,HP:0001321,HP:0002119,HP:0033049,HP:0012762,HP:0034295,HP:0033725,HP:0009830,HP:0000821,HP:0008070,HP:0001795,HP:0034671,HP:0100490,HP:0034391,HP:0034665,HP:0002650,HP:0001385,HP:0008936
SYN-003	HG00102	MDGA2	chr14	47061564	G	A	stop_gained	Developmental and epileptic encephalopathy 122	HP:0005484,HP:0002007,HP:0002714,HP:0000348,HP:0009890,HP:0000582,HP:0000431,HP:0000430,HP:0000592,HP:0000486,HP:0000358,HP:0000369,HP:0007334,HP:0011097,HP:0002133,HP:0011344,HP:0025336,HP:0031936,HP:0000750,HP:0002376,HP:0025373,HP:0004305,HP:0002360,HP:0001348,HP:0012444,HP:0002188,HP:0025517,HP:0012697,HP:0034295,HP:0001946,HP:0004322,HP:0001508,HP:0000957,HP:0011951,HP:0002878,HP:0003808
SYN-004	HG00108	NIPBL	chr5	37022325	C	T	stop_gained	Cornelia de Lange syndrome 1	HP:0001249,HP:0001263,HP:0000729,HP:0007018,HP:0100716,HP:0000739,HP:0000718,HP:0009623,HP:0001007,HP:0000750,HP:0000219,HP:0007665,HP:0000527,HP:0005280,HP:0002714,HP:0000028,HP:0000343,HP:0000463,HP:0004322,HP:0000954,HP:0000470,HP:0000664,HP:0000252,HP:0000347,HP:0001511,HP:0002020,HP:0001377,HP:0002553,HP:0200055,HP:0001642,HP:0001629,HP:0001631
SYN-005	HG00113	SON	chr21	33549517	C	T	stop_gained	ZTTK syndrome	HP:0004887,HP:0002878,HP:0002788,HP:0001601,HP:0000592,HP:0000565,HP:0100704,HP:0000010,HP:0000076,HP:0002007,HP:0000286,HP:0000422,HP:0000403,HP:0001250,HP:0002015,HP:0010864,HP:0000750,HP:0001270,HP:0012444,HP:0002119,HP:0006970,HP:0011410,HP:0001622,HP:0002720,HP:0001511,HP:0002579,HP:0002014,HP:0011968,HP:0000891,HP:0001159,HP:0001167,HP:0001252
SYN-006	HG00118	ROR2	chr9	91757380	G	A	stop_gained	Robinow syndrome, autosomal recessive 1	HP:0002164,HP:0001156,HP:0003027,HP:0011304,HP:0002937,HP:0004279,HP:0000767,HP:0002650,HP:0000902,HP:0000212,HP:0000431,HP:0005280,HP:0000347,HP:0000278,HP:0011800,HP:0002714,HP:0000189,HP:0000470,HP:0011220,HP:0003196,HP:0000463,HP:0000637,HP:0000219,HP:0000527,HP:0000286,HP:0010297,HP:0000316,HP:0000064,HP:0004322,HP:0000369,HP:0006394
SYN-007	HG00123	ANKRD11	chr16	89279362	G	A	stop_gained	KBG syndrome	HP:0001249,HP:0001263,HP:0001572,HP:0000325,HP:0000574,HP:0000343,HP:0001511,HP:0002353,HP:0002750,HP:0001270,HP:0000750,HP:0002360,HP:0001252,HP:0002121,HP:0001642,HP:0001647,HP:0000405,HP:0000403,HP:0011968,HP:0000028,HP:0000294,HP:0000303,HP:0000486,HP:0000316,HP:0000463,HP:0000414,HP:0000448,HP:0000411,HP:0000369
SYN-008	HG00129	WSB2	chr12	118052364	C	T	stop_gained	Luo-Agrawal neurodevelopmental syndrome	HP:0000093,HP:0002835,HP:0000341,HP:0000350,HP:0000582,HP:0011451,HP:0000278,HP:0000347,HP:0006610,HP:0000490,HP:0000540,HP:0000400,HP:0002015,HP:0040288,HP:0001508,HP:0001518,HP:0001511,HP:0001263,HP:0002194,HP:0010862,HP:0001344,HP:0001250,HP:0100023,HP:0009879,HP:0001845,HP:0001883,HP:0100490,HP:0009487,HP:0001290
SYN-009	HG00136	POGZ	chr1	151406100	G	A	stop_gained	White-Sutton syndrome	HP:0000322,HP:0000194,HP:0000218,HP:0000303,HP:0000307,HP:0002714,HP:0002263,HP:0000219,HP:0000358,HP:0000316,HP:0000286,HP:0002553,HP:0012803,HP:0000510,HP:0000486,HP:0000648,HP:0000252,HP:0000248,HP:0004322,HP:0005280,HP:0000455,HP:0000447,HP:0011800,HP:0001263,HP:0000750,HP:0001249,HP:0002020,HP:0011968,HP:0000407
SYN-010	HG00141	ARPC5	chr1	183635637	G	T	stop_gained	Immunodeficiency 133 with autoimmunity and autoinflammation	HP:0002718,HP:0004429,HP:0002841,HP:0002721,HP:0002608,HP:0012115,HP:0100614,HP:0012579,HP:0001973,HP:0012311,HP:0011897,HP:0001890,HP:0001974,HP:0001744,HP:0002240,HP:0002573,HP:0002590,HP:0006517,HP:0002205,HP:0002105,HP:0001058,HP:0000964,HP:0002650,HP:0004322,HP:0001511,HP:0011227,HP:0025419,HP:0003261
SYN-011	HG00148	IRF1	chr5	132486824	G	A	stop_gained	Immunodeficiency 117, mycobacteriosis, autosomal recessive	HP:0011274,HP:0032256,HP:0020087,HP:0002783,HP:0001508,HP:0410377,HP:0410389,HP:0410395,HP:0040218,HP:0005403,HP:0500265,HP:0001945,HP:0002840,HP:0100721,HP:0032261,HP:0430108,HP:0002090,HP:0003261,HP:0000246,HP:0001873,HP:0001903,HP:0001882,HP:0002014,HP:0000957,HP:0001744,HP:0002240,HP:0002566,HP:0032283
SYN-012	HG00155	GTPBP1	chr22	38727338	C	G	stop_gained	Neurodevelopmental disorder with characteristic facial and ectodermal features and tetraparesis 1	HP:0009890,HP:0000280,HP:0000158,HP:0012471,HP:0000341,HP:0000348,HP:0000293,HP:0000653,HP:0045075,HP:0011451,HP:0002015,HP:0000486,HP:0000508,HP:0012736,HP:0001270,HP:0001336,HP:0002378,HP:0002273,HP:0001250,HP:0001347,HP:0002299,HP:0008936,HP:0003066,HP:0001377,HP:0002650,HP:0000768,HP:0001761
SYN-013	HG00171	PI4K2A	chr10	97640807	C	A	stop_gained	Neurodevelopmental disorder with hyperkinetic movements, seizures and structural brain abnormalities	HP:0001761,HP:0001263,HP:0001270,HP:0002540,HP:0031943,HP:0002365,HP:0012110,HP:0002079,HP:0002280,HP:0000737,HP:0001348,HP:0002310,HP:0001344,HP:0001336,HP:0031960,HP:0000763,HP:0002197,HP:0002179,HP:0008936,HP:0002509,HP:0002046,HP:0031354,HP:0011968,HP:0000601,HP:0001508,HP:0000347,HP:0000411
SYN-014	HG00178	ANTXR1	chr2	69044779	C	T	stop_gained	GAPO syndrome	HP:0003774,HP:0000179,HP:0000343,HP:0000706,HP:0000337,HP:0002007,HP:0000286,HP:0000653,HP:0045075,HP:0000463,HP:0005280,HP:0003196,HP:0010628,HP:0001476,HP:0000347,HP:0001357,HP:0002209,HP:0000485,HP:0000648,HP:0000316,HP:0000649,HP:0000639,HP:0000565,HP:0001537,HP:0001382,HP:0002750,HP:0004322
SYN-015	HG00183	PAN2	chr12	56323330	C	A	stop_gained	Developmental delay with variable cardiac and renal congenital anomalies and dysmorphic facies	HP:0002750,HP:0011304,HP:0000470,HP:0001252,HP:0001733,HP:0001081,HP:0001082,HP:0001973,HP:0001878,HP:0000967,HP:0004322,HP:0000294,HP:0001636,HP:0001631,HP:0000316,HP:0000508,HP:0000403,HP:0000407,HP:0030049,HP:0000010,HP:0002342,HP:0002353,HP:0000083,HP:0000787,HP:0000218,HP:0000494
SYN-016	HG00189	WDR26	chr1	224404453	C	A	stop_gained	Skraban-Deardorff syndrome	HP:0000341,HP:0000280,HP:0000545,HP:0001090,HP:0000486,HP:0005280,HP:0003194,HP:0000463,HP:0000455,HP:0430028,HP:0000293,HP:0000687,HP:0000347,HP:0000219,HP:0010800,HP:0200055,HP:0009623,HP:0004209,HP:0001773,HP:0001007,HP:0002020,HP:0002019,HP:0000403,HP:0002373,HP:0001252,HP:0001249
SYN-017	HG00234	RC3H1	chr1	173961865	G	A	stop_gained	Immune dysregulation and systemic hyperinflammation syndrome	HP:0002716,HP:0001744,HP:0034447,HP:6000374,HP:6000239,HP:0012115,HP:0001882,HP:0012312,HP:0001888,HP:0001875,HP:0012156,HP:0030371,HP:0001903,HP:0001873,HP:0011900,HP:0000465,HP:0004322,HP:0001256,HP:0032323,HP:0030948,HP:0031956,HP:0031964,HP:0003281,HP:0033833,HP:0002155,HP:0002240
SYN-018	HG00239	PLAAT3	chr11	63590148	G	T	stop_gained	Lipodystrophy, familial partial, type 9	HP:0001249,HP:0001263,HP:0007108,HP:0030051,HP:0001761,HP:0002064,HP:0002650,HP:0002857,HP:0004691,HP:0001771,HP:0002808,HP:0009125,HP:0003712,HP:0000831,HP:0004322,HP:0000771,HP:0004425,HP:0000444,HP:0000490,HP:0000303,HP:0001397,HP:0002240,HP:0003074,HP:0040217,HP:0000956,HP:0000369
SYN-019	HG00245	HIVEP2	chr6	142771882	C	A	stop_gained	Intellectual developmental disorder, autosomal dominant 43	HP:0000275,HP:0000276,HP:0005484,HP:0001324,HP:0001252,HP:0001257,HP:0001385,HP:0000486,HP:0001344,HP:0001263,HP:0031936,HP:0025336,HP:0001249,HP:0100021,HP:0001332,HP:0002384,HP:0032792,HP:0032794,HP:0002445,HP:0001251,HP:0012171,HP:0000717,HP:0001279,HP:0034295,HP:0002020,HP:0002019
SYN-020	HG00253	SMAD2	chr18	47869288	C	A	stop_gained	Congenital heart defects, multiple types, 8, with or without heterotaxy	HP:0000347,HP:0000218,HP:0011800,HP:0000337,HP:0000369,HP:0000358,HP:0003196,HP:0005280,HP:0004322,HP:0000678,HP:0001631,HP:0000954,HP:0001601,HP:0001508,HP:0011560,HP:0001263,HP:0001643,HP:0001719,HP:0001629,HP:0031348,HP:0010882,HP:0002245,HP:0006956,HP:0010627,HP:0011755,HP:0006315
SYN-021	HG00258	UNC13A	chr19	17669643	G	A	stop_gained	Neurodevelopmental disorder with hypotonia, epilepsy, and absent speech	HP:0002020,HP:0002572,HP:0004209,HP:0034671,HP:0003403,HP:0001252,HP:0003554,HP:0003803,HP:0002751,HP:0005484,HP:0000218,HP:0000341,HP:0000348,HP:0000431,HP:0000486,HP:0011951,HP:0012735,HP:0005946,HP:0002878,HP:0001788,HP:0025116,HP:0001265,HP:0001250,HP:0033383,HP:0010841,HP:0033725
SYN-022	HG00263	MAU2	chr19	19354418	C	T	stop_gained	Cornelia de Lange syndrome 7	HP:0000319,HP:0000179,HP:0000675,HP:0002007,HP:0000294,HP:0000582,HP:0000527,HP:0002553,HP:0000574,HP:0000448,HP:0009928,HP:0000455,HP:0000325,HP:0012368,HP:0011451,HP:0000248,HP:0000347,HP:0004322,HP:0000998,HP:0001659,HP:0000540,HP:0006889,HP:0001773,HP:0006380,HP:0200055
SYN-023	HG00268	COPZ1	chr12	54348025	C	T	stop_gained	Neutropenia, severe congenital, 12, autosomal recessive	HP:0001873,HP:0001890,HP:0005403,HP:0001888,HP:0001882,HP:0012311,HP:0001875,HP:0003212,HP:0003237,HP:0003261,HP:0002788,HP:0006532,HP:0012387,HP:0010280,HP:0000230,HP:0020083,HP:0001047,HP:0002728,HP:0032169,HP:0100806,HP:0001433,HP:0008110,HP:0002650,HP:0001249,HP:0000729
SYN-024	HG00274	GTF2H5	chr6	158191990	A	T	stop_gained	Trichothiodystrophy 3, photosensitive	HP:0001511,HP:0004322,HP:0007479,HP:0001788,HP:0000568,HP:0000601,HP:0000369,HP:0000243,HP:0000695,HP:0008689,HP:0000656,HP:0012472,HP:0003075,HP:0003073,HP:0002021,HP:0100806,HP:0001888,HP:0001433,HP:0001875,HP:0001873,HP:0008404,HP:0002188,HP:0002119,HP:0003261,HP:0003212
SYN-025	HG00280	JPH1	chr8	74320934	G	T	stop_gained	Congenital myopathy 25	HP:0000175,HP:0030319,HP:0000597,HP:0000508,HP:0002015,HP:0031936,HP:0002522,HP:0012046,HP:0032341,HP:0003546,HP:0003326,HP:0001611,HP:0001883,HP:0034677,HP:0008997,HP:0003691,HP:0008959,HP:0009053,HP:0008994,HP:0003458,HP:0003687,HP:0003803,HP:0003700,HP:0002650,HP:0002938
SYN-026	HG00288	BORCS8	chr19	19186967	T	TGGCCA	frameshift_variant	Neurodegeneration, infantile-onset, with optic atrophy and brain abnormalities	HP:0030746,HP:0001508,HP:0000958,HP:0002553,HP:0000574,HP:0034681,HP:0034671,HP:0006844,HP:0002650,HP:0002280,HP:0000939,HP:0001290,HP:0000297,HP:0001257,HP:0001324,HP:0003700,HP:0011471,HP:0031058,HP:0000389,HP:0000400,HP:0000369,HP:0000365,HP:0000648,HP:0000316,HP:0100704,HP:0006915,HP:0001250,HP:0003470,HP:0002187,HP:0001344,HP:0000758,HP:0001263,HP:0025336,HP:0003429,HP:0001272,HP:0012110,HP:0012690,HP:0033725,HP:0002059,HP:0000276,HP:0000179,HP:0000215,HP:0011822,HP:0000582,HP:0000463,HP:0000414,HP:0009734
SYN-027	HG00309	ZRSR2	chrX	15822999	CAG	C	frameshift_variant	Orofaciodigital syndrome XXI	HP:0034976,HP:0012287,HP:0011748,HP:0011755,HP:0034323,HP:0031098,HP:0004322,HP:0001511,HP:0001998,HP:0009890,HP:0009439,HP:0009577,HP:0004220,HP:0009295,HP:0001841,HP:0008115,HP:0011918,HP:0005824,HP:0004209,HP:0001162,HP:0000303,HP:0000369,HP:0000365,HP:0000316,HP:0000739,HP:0000750,HP:0011342,HP:0031936,HP:0000054,HP:0008689,HP:0033733,HP:5201016,HP:0012368,HP:0000180,HP:0000189,HP:0000218,HP:0000191,HP:0000337,HP:0005280
SYN-028	HG00318	LZTFL1	chr3	45833099	GGCTTT	G	frameshift_variant	Bardet-Biedl syndrome 17	HP:0003363,HP:0001830,HP:0005819,HP:0004209,HP:0006159,HP:0001156,HP:0000470,HP:0001561,HP:0002162,HP:0007843,HP:0000543,HP:0000316,HP:0000550,HP:0007663,HP:0007641,HP:0000662,HP:0012020,HP:0001651,HP:0000029,HP:0000054,HP:0000103,HP:0012594,HP:0000343,HP:0000219,HP:0000678,HP:0000218,HP:0012368,HP:0000494,HP:0000463,HP:0003196,HP:0005272,HP:0001263,HP:0031936,HP:0000750,HP:0002141,HP:0001959
SYN-029	HG00324	CILK1	chr6	53006393	CAT	C	frameshift_variant	Cranioectodermal dysplasia 6	HP:0002019,HP:0002035,HP:0001744,HP:0004719,HP:0003774,HP:0000103,HP:0000348,HP:0002007,HP:0000293,HP:0000653,HP:0000506,HP:0045075,HP:0000431,HP:0004482,HP:0000268,HP:0008905,HP:0004209,HP:0001156,HP:0001852,HP:0009623,HP:0000774,HP:0000767,HP:0001382,HP:0002750,HP:0000545,HP:0001903,HP:0002910,HP:0001270,HP:0001959,HP:0002059,HP:0001272,HP:0000238,HP:0002119,HP:0012510,HP:0000974,HP:0000958
SYN-030	HG00329	INPP4A	chr2	98535775	ACT	A	frameshift_variant	Neurodevelopmental disorder with growth impairment, quadriparesis, and poor or absent speech	HP:0005484,HP:0000322,HP:0000348,HP:0009890,HP:0000448,HP:0000276,HP:0000639,HP:0000369,HP:0004322,HP:0004325,HP:0002828,HP:0008936,HP:0002061,HP:0003484,HP:0007340,HP:0003487,HP:0002376,HP:0001263,HP:0001344,HP:0002187,HP:0025190,HP:0032792,HP:0032794,HP:0001298,HP:0011182,HP:0006915,HP:0002080,HP:0002395,HP:4000064,HP:0000737,HP:0000713,HP:0001320,HP:0002119,HP:0034295,HP:0033725
SYN-031	HG00335	GUK1	chr1	228145513	A	ATGGCTGCGGCGCCCGCTGGCCGGGC	frameshift_variant	Mitochondrial DNA depletion syndrome 21	HP:0032218,HP:0002721,HP:0002719,HP:0002155,HP:0003236,HP:0001397,HP:0002910,HP:0200125,HP:0003689,HP:0011923,HP:0001952,HP:0011801,HP:0002015,HP:0002027,HP:0002240,HP:0012432,HP:0000597,HP:0000508,HP:0001284,HP:0100785,HP:0000717,HP:0000716,HP:0000739,HP:0001518,HP:0100585,HP:0003690,HP:0001638,HP:0003688,HP:0003687,HP:0003200,HP:0100297,HP:0003557,HP:0003198,HP:0009055,HP:0002751
SYN-032	HG00341	FBXO22	chr15	75903968	AGCCGGTAGGCTGCTGCGGCGAGTGCCGCG	A	frameshift_variant	Tayoun-Maawali syndrome	HP:0000086,HP:0004719,HP:0000089,HP:0000465,HP:0000252,HP:0000347,HP:0000348,HP:0005280,HP:0000414,HP:0001999,HP:0000479,HP:0000316,HP:0002905,HP:0100806,HP:0000369,HP:0001250,HP:0012758,HP:0004322,HP:0001511,HP:0001508,HP:0000958,HP:0001072,HP:0100678,HP:0001597,HP:0001643,HP:0010954,HP:0011573,HP:0001182,HP:0001290,HP:0001382,HP:0002020,HP:0002013,HP:0002033
SYN-033	HG00346	UGGT1	chr2	128108039	TACTC	T	frameshift_variant	Congenital disorder of glycosylation, type IICC	HP:0000028,HP:0000340,HP:0000280,HP:0000347,HP:0005484,HP:0000666,HP:0001852,HP:0010557,HP:0002650,HP:0001252,HP:0001276,HP:0000358,HP:0000365,HP:0002069,HP:0001348,HP:0025373,HP:0000817,HP:0011344,HP:0032988,HP:0002282,HP:0002188,HP:0033725,HP:0002643,HP:0002871,HP:0002835,HP:0001623,HP:0002240,HP:0031141,HP:0001395,HP:0011968,HP:0001655,HP:0001643
SYN-034	HG00355	RNU5B-1	chr15	65304715	C	CT	frameshift_variant	Neurodevelopmental disorder with seizures and joint laxity	HP:0000490,HP:0000508,HP:0000545,HP:0000256,HP:0002007,HP:0000385,HP:0008619,HP:0025116,HP:0410018,HP:0025336,HP:0031936,HP:0032989,HP:0000750,HP:0010864,HP:0002069,HP:0011147,HP:0031951,HP:0000744,HP:0000729,HP:0000752,HP:0100716,HP:0010535,HP:0002020,HP:0002013,HP:0002019,HP:0011968,HP:0000954,HP:0001792,HP:0010055,HP:0011304,HP:0001252,HP:0001382
SYN-035	HG00361	ESAM	chr11	124756704	AG	A	frameshift_variant	Neurodevelopmental disorder with intracranial hemorrhage, seizures, and spasticity	HP:0000189,HP:0000218,HP:0000341,HP:0000506,HP:0002553,HP:0000431,HP:0000414,HP:0011410,HP:0002170,HP:0000646,HP:0002093,HP:0002779,HP:0011344,HP:0025336,HP:0000750,HP:0032794,HP:0007359,HP:0002521,HP:0001257,HP:0000238,HP:0011400,HP:0006956,HP:0002514,HP:0007042,HP:0033725,HP:0001765,HP:0001762,HP:0000767,HP:0001252,HP:0002421,HP:0001382
SYN-036	HG00367	AHDC1	chr1	27549568	AG	A	frameshift_variant	Xia-Gibbs syndrome	HP:0001263,HP:0002342,HP:0001344,HP:0025336,HP:0031936,HP:0001288,HP:0001252,HP:0001508,HP:0000565,HP:0000316,HP:0000540,HP:0011228,HP:0009909,HP:0005280,HP:0000463,HP:0010804,HP:0002779,HP:0025267,HP:0007269,HP:0033454,HP:0002019,HP:0010821,HP:0000729,HP:0002079,HP:0002188,HP:0000687,HP:0001212,HP:0200055,HP:0001773,HP:0002650,HP:0004482
SYN-037	HG00373	DVL1	chr1	1338045	AA	G	frameshift_variant	Robinow syndrome, autosomal dominant 2	HP:0002007,HP:0000463,HP:0000207,HP:0000219,HP:0000185,HP:0010297,HP:0011304,HP:0010055,HP:0012385,HP:0030084,HP:0001156,HP:0002164,HP:0000316,HP:0003196,HP:0000212,HP:0000256,HP:0001537,HP:0011800,HP:0003027,HP:0000347,HP:0000348,HP:0005280,HP:0000431,HP:0000582,HP:0000527,HP:0000520,HP:0000592,HP:0000470,HP:0000960,HP:0011994
SYN-038	HG00380	ZFX	chrX	24210953	CAT	C	frameshift_variant	Intellectual developmental disorder, X-linked syndromic 37	HP:0002021,HP:0001622,HP:0011410,HP:0000405,HP:0007443,HP:0031936,HP:0010862,HP:0001252,HP:0000750,HP:0000047,HP:0001537,HP:0000023,HP:0001249,HP:0001631,HP:0001643,HP:0002188,HP:0000378,HP:0000637,HP:0000307,HP:0000337,HP:0000219,HP:0000319,HP:0000347,HP:0002162,HP:0011229,HP:0002286,HP:0000475,HP:0001773,HP:0001822,HP:0000678
SYN-039	HG00403	IFT140	chr16	1525884	CACTA	C	frameshift_variant	Cranioectodermal dysplasia 5	HP:0000107,HP:0003774,HP:0000232,HP:0000687,HP:0000348,HP:0002007,HP:0000286,HP:0000506,HP:0000431,HP:0000556,HP:0000648,HP:0000639,HP:0000529,HP:0000618,HP:0000369,HP:0020206,HP:0011147,HP:0001344,HP:0001249,HP:0031936,HP:0025336,HP:0001831,HP:0010230,HP:0009381,HP:0000774,HP:0000767,HP:0000773,HP:0008905,HP:0001382,HP:0001597
SYN-040	HG00408	FAAP100	chr17	81550332	CCGGGCCTTCTT	C	frameshift_variant	Fanconi anemia, complementation group X	HP:0002089,HP:0000028,HP:0032464,HP:0000122,HP:0005343,HP:0012745,HP:0000347,HP:0000470,HP:0100842,HP:0000316,HP:0002126,HP:0002119,HP:0000238,HP:0001321,HP:0030283,HP:0020128,HP:0004510,HP:0002023,HP:0005709,HP:0004209,HP:0009777,HP:0003974,HP:0001762,HP:0005632,HP:0009829,HP:0001643,HP:0001674,HP:0000902,HP:0001252
SYN-041	HG00420	RFC4	chr3	186790139	T	TA	frameshift_variant	Morimoto-Ryu-Malicdan neuromuscular syndrome	HP:0003355,HP:0011227,HP:0003155,HP:0000821,HP:0002747,HP:0012764,HP:0002091,HP:0002321,HP:0001152,HP:0000639,HP:0000651,HP:0001513,HP:0004325,HP:0001649,HP:0000822,HP:0025379,HP:0000763,HP:0007015,HP:0001251,HP:0002870,HP:0001260,HP:0010522,HP:0001288,HP:0002059,HP:0001272,HP:0002979,HP:0002359,HP:0009113,HP:0003198
SYN-042	HG00428	RNU4-2	chr12	120291839	T	TA	frameshift_variant	ReNU syndrome	HP:0001263,HP:0001249,HP:0001252,HP:0000486,HP:0002019,HP:0000253,HP:0001344,HP:0001270,HP:0000729,HP:0000733,HP:0000718,HP:0002307,HP:0000737,HP:0001288,HP:0000194,HP:0010804,HP:0011825,HP:0000286,HP:0000325,HP:0000954,HP:0012471,HP:0000581,HP:0005280,HP:0000218,HP:0000189,HP:0000385,HP:0031061,HP:0000736
SYN-043	HG00442	EMILIN1	chr2	27082401	C	CA	frameshift_variant	Arterial tortuosity-bone fragility syndrome	HP:0000319,HP:0000219,HP:0000218,HP:0000494,HP:0012745,HP:0000286,HP:0000455,HP:0000444,HP:0012811,HP:0005272,HP:0000347,HP:0000268,HP:0012841,HP:0000592,HP:0000023,HP:0430046,HP:0430047,HP:0005855,HP:0002757,HP:0011428,HP:0001250,HP:0000963,HP:0000973,HP:0000977,HP:0001659,HP:0005116,HP:0006687,HP:0012771
SYN-044	HG00447	FGD1	chrX	54495379	CG	C	frameshift_variant	Aarskog-Scott syndrome	HP:0000316,HP:0000349,HP:0000337,HP:0000508,HP:0000581,HP:0000286,HP:0000506,HP:0000494,HP:0002000,HP:0001169,HP:0001156,HP:0004209,HP:0004322,HP:0001263,HP:0007018,HP:0000718,HP:0000470,HP:0000463,HP:0000322,HP:0003196,HP:0006610
SYN-045	HG00452	DMRT2	chr9	1051741	AC	A	frameshift_variant	Spondylocostal dysostosis 7, autosomal recessive	HP:0031545,HP:0025805,HP:0033221,HP:0001888,HP:0003496,HP:0003261,HP:0003237,HP:0000075,HP:0000280,HP:0100337,HP:0000431,HP:0000316,HP:0002718,HP:0031692,HP:0001561,HP:0000369,HP:0001643,HP:0011623,HP:0001631,HP:0000023,HP:0002652,HP:0000773,HP:0000921,HP:0003316,HP:0002650,HP:0000902,HP:0002098,HP:0002878
SYN-046	HG00463	SUPT7L	chr2	27661144	T	TCTGG	frameshift_variant	Fischer-Zirnsak progeroid syndrome	HP:0000695,HP:0011220,HP:0000494,HP:0045075,HP:0000325,HP:0000260,HP:0005484,HP:0001974,HP:0000821,HP:0001873,HP:0000316,HP:0000519,HP:0002910,HP:0002155,HP:0000369,HP:0002240,HP:0000023,HP:0001344,HP:0011344,HP:0001270,HP:0001276,HP:0012385,HP:0009064,HP:0001511,HP:0001518,HP:0010648,HP:0008070,HP:0001698
SYN-047	HG00474	TGFB2	chr1	218405215	AT	A	frameshift_variant	Loeys-Dietz syndrome 4	HP:0000316,HP:0000272,HP:0000218,HP:0000193,HP:0000592,HP:0002650,HP:0001166,HP:0001382,HP:0001763,HP:0000978,HP:0001065,HP:0100775,HP:0000023,HP:0001537,HP:0001634,HP:0001653,HP:0005116,HP:0001519,HP:0000974,HP:0010648,HP:0002619,HP:0031869,HP:0000938,HP:0000767,HP:0000347,HP:0010646,HP:0500093
SYN-048	HG00479	DNA2	chr10	68432445	A	AT	frameshift_variant	Rothmund-Thomson syndrome, type 4	HP:0000992,HP:0008404,HP:0010049,HP:0000054,HP:0000028,HP:0005280,HP:0000490,HP:0000252,HP:0007663,HP:0000518,HP:0000568,HP:0000501,HP:0007957,HP:0000648,HP:0009803,HP:0001029,HP:0002209,HP:0000821,HP:0002007,HP:0004322,HP:0001511,HP:0001518,HP:0034323,HP:0030353,HP:0045075,HP:0002750,HP:0008066
SYN-049	HG00512	TAF4	chr20	61976329	C	CGTCG	frameshift_variant	Intellectual developmental disorder, autosomal dominant 73	HP:0002307,HP:0000289,HP:0000219,HP:0000677,HP:0000185,HP:0002553,HP:0000426,HP:0000444,HP:0003189,HP:0000278,HP:0011968,HP:0002019,HP:0000023,HP:0000396,HP:0000388,HP:0100962,HP:0000750,HP:0002342,HP:0025336,HP:0031936,HP:0004691,HP:0100490,HP:0006237,HP:0001377,HP:0002650,HP:0002808,HP:0001252
SYN-050	HG00526	STXBP1	chr9	127682459	GC	G	frameshift_variant	Developmental and epileptic encephalopathy 4	HP:0011154,HP:0011167,HP:0000964,HP:0003487,HP:0000750,HP:0002376,HP:0006895,HP:0000527,HP:0001270,HP:0012420,HP:0008936,HP:0001249,HP:0010850,HP:0000414,HP:0002061,HP:0000684,HP:0100738,HP:0030043,HP:0100704,HP:0002019,HP:0001741,HP:0002395,HP:0006979,HP:0000729,HP:0001212,HP:0012741,HP:0001762
SYN-051	HG00534	PIGA	chrX	15324864	C	T	missense_variant	Multiple congenital anomalies-hypotonia-seizures syndrome 2	HP:0012469,HP:0002521,HP:0008936,HP:0002123,HP:0003155,HP:0002705,HP:0002104,HP:0000365,HP:0002240,HP:0000248,HP:0005484,HP:0001357,HP:0001520,HP:0012736,HP:0012385,HP:0002236,HP:0006191,HP:0002063,HP:0012745,HP:0000324,HP:0000637,HP:0004673,HP:0005989,HP:0000316,HP:0002267,HP:0000474,HP:0005469,HP:0000311,HP:0000337,HP:0100538,HP:0002056,HP:0001488,HP:0002835,HP:0000545,HP:0004308,HP:0002059,HP:0000126,HP:0004446,HP:0006994,HP:0001667,HP:0000543,HP:0007370,HP:0030515,HP:0000556,HP:0001103,HP:0031145
SYN-052	HG00542	DONSON	chr21	33581355	G	A	missense_variant	Meier-Gorlin syndrome 10	HP:0000013,HP:0006443,HP:0001770,HP:0001822,HP:0004209,HP:0001182,HP:0001217,HP:0001156,HP:0003083,HP:0002827,HP:0004976,HP:0003048,HP:0006380,HP:0008807,HP:0020025,HP:0006394,HP:0003100,HP:0000470,HP:0000252,HP:0002750,HP:0000988,HP:0002162,HP:0000319,HP:0012471,HP:0000160,HP:0004425,HP:0005338,HP:0005280,HP:0012368,HP:0000369,HP:0008551,HP:0031936,HP:0002540,HP:0012179,HP:0003508,HP:0001511,HP:0030053,HP:0040189
SYN-053	HG00553	RAP1B	chr12	68648759	G	A	missense_variant	Thrombocytopenia 11 with multiple congenital anomalies and dysmorphic facies	HP:0001873,HP:0001888,HP:0001882,HP:0001903,HP:0011968,HP:0000678,HP:0005280,HP:0012745,HP:0000414,HP:0000286,HP:0000194,HP:0000343,HP:0000319,HP:0000347,HP:0045075,HP:0005484,HP:0001642,HP:0002616,HP:0001643,HP:0001714,HP:0002119,HP:0001256,HP:0001270,HP:0000750,HP:0034396,HP:0002282,HP:0033725,HP:0000369,HP:0000639,HP:0000518,HP:0000480,HP:0000612,HP:0001252,HP:0010880
SYN-054	HG00558	U2AF2	chr19	55663744	G	A	missense_variant	Developmental delay, dysmorphic facies, and brain anomalies	HP:0011968,HP:0001263,HP:0002342,HP:0002194,HP:0000750,HP:0000729,HP:0007018,HP:0001252,HP:0007359,HP:0002069,HP:0002373,HP:0000405,HP:0030084,HP:0000490,HP:0012745,HP:0000494,HP:0000347,HP:0006610,HP:0000716,HP:0000739,HP:0002751,HP:0000767,HP:0002057,HP:0000431,HP:0000219,HP:0002714,HP:0002705,HP:0010807,HP:0000400,HP:0001852,HP:0011304,HP:0011220,HP:0001763,HP:0001382
SYN-055	HG00566	FBXL4	chr6	98875675	A	G	missense_variant	Mitochondrial DNA depletion syndrome 13 (encephalomyopathic type)	HP:0002384,HP:0002119,HP:0003429,HP:0002013,HP:0011968,HP:0002283,HP:0001263,HP:0002059,HP:0003487,HP:0001347,HP:0002487,HP:0000331,HP:0000286,HP:0000574,HP:0000319,HP:0005487,HP:0000431,HP:0011220,HP:0012745,HP:0001252,HP:0002421,HP:0002240,HP:0000486,HP:0000639,HP:0000508,HP:0000028,HP:0000047,HP:0002151,HP:0001942,HP:0003348,HP:0000365,HP:0012707,HP:0003648,HP:0001537
SYN-056	HG00580	GON4L	chr1	155756957	C	T	missense_variant	Li-Takada-Miyake syndrome	HP:0000486,HP:0005484,HP:0000232,HP:0010803,HP:0000322,HP:0000348,HP:0011822,HP:0000293,HP:0000582,HP:0000574,HP:0004411,HP:0000431,HP:0000445,HP:0000444,HP:0000324,HP:0000276,HP:0000369,HP:0000396,HP:0100807,HP:0001763,HP:0001776,HP:0007598,HP:0001263,HP:0001256,HP:0002373,HP:0001260,HP:0033725,HP:0002650,HP:0001252,HP:0004322,HP:0001518,HP:0001511,HP:0001696
SYN-057	HG00585	DOT1L	chr19	2185862	T	G	missense_variant	Nil-Deshwar neurodevelopmental syndrome	HP:0000041,HP:0000047,HP:0011800,HP:0000581,HP:0000452,HP:0000431,HP:0000260,HP:0002100,HP:0002020,HP:0012841,HP:0000316,HP:0000646,HP:0012803,HP:0011003,HP:0009237,HP:0001845,HP:0030043,HP:0004322,HP:0000957,HP:0011937,HP:0001998,HP:0005301,HP:0001631,HP:0000402,HP:0000405,HP:0000407,HP:0011344,HP:0031936,HP:0033128,HP:0001344,HP:0007165,HP:0002539,HP:0001252
SYN-058	HG00593	MED16	chr19	886149	G	C	missense_variant	Guillouet-Gordon syndrome	HP:0100540,HP:0000185,HP:0000160,HP:0009933,HP:0000414,HP:0005484,HP:0000308,HP:0002643,HP:0004971,HP:0012385,HP:0001252,HP:0009778,HP:0001852,HP:0020206,HP:0000385,HP:0008551,HP:0000407,HP:0001344,HP:0031936,HP:0025335,HP:0010864,HP:0007359,HP:0011182,HP:0012650,HP:0001320,HP:0033725,HP:0001195,HP:0001561,HP:0004322,HP:0001511,HP:0001799,HP:0001636
SYN-059	HG00598	SETD2	chr3	47088172	G	A	missense_variant	Rabin-Pappas syndrome	HP:0011410,HP:0011344,HP:0031936,HP:0025336,HP:0000750,HP:0005487,HP:0000431,HP:0000455,HP:0009765,HP:0002553,HP:0000201,HP:0000175,HP:0000347,HP:0002902,HP:0001629,HP:0001643,HP:0001655,HP:0002870,HP:0033454,HP:0000800,HP:0003774,HP:0030008,HP:0001385,HP:0006644,HP:0002650,HP:0002444,HP:0001305,HP:0001156,HP:0001821,HP:0007973,HP:0000541
SYN-060	HG00610	TGFBR2	chr3	30672252	G	T	missense_variant	Loeys-Dietz syndrome 2	HP:0001643,HP:0002616,HP:0030745,HP:0031252,HP:0001631,HP:0005182,HP:0001647,HP:0005116,HP:0004937,HP:0004959,HP:0000175,HP:0000278,HP:0000272,HP:0001363,HP:0000193,HP:0001382,HP:0001166,HP:0012385,HP:0100259,HP:0000977,HP:0001762,HP:0000520,HP:0000577,HP:0000316,HP:0000592,HP:0000238,HP:0002308,HP:0100775,HP:0001263,HP:0004944
SYN-061	HG00615	FBXO11	chr2	47819008	G	C	missense_variant	Intellectual developmental disorder with dysmorphic facies and behavioral abnormalities	HP:0000252,HP:0001252,HP:0000729,HP:0001263,HP:0031936,HP:0000750,HP:0001249,HP:0001250,HP:0004322,HP:0000414,HP:0000160,HP:0000463,HP:0000400,HP:0000527,HP:0045025,HP:0000343,HP:0003196,HP:0011229,HP:0000307,HP:0000248,HP:0200055,HP:0001769,HP:0030084,HP:0000193,HP:0003100,HP:0000938,HP:0002750,HP:0002205,HP:0000486,HP:0033454
SYN-062	HG00623	SMARCC2	chr12	56172432	A	G	missense_variant	Coffin-Siris syndrome 8	HP:0000316,HP:0000486,HP:0000508,HP:0002643,HP:0008689,HP:0001344,HP:0011344,HP:0000473,HP:0100716,HP:0002360,HP:0002069,HP:0010819,HP:0003429,HP:0002283,HP:0000347,HP:0001357,HP:0000343,HP:0000179,HP:0000574,HP:0000463,HP:0000414,HP:0000023,HP:0011968,HP:0002021,HP:0004322,HP:0001508,HP:0002616,HP:0004209,HP:0002943,HP:0008936
SYN-063	HG00629	SETBP1	chr18	44951948	G	A	missense_variant	Schinzel-Giedion midface retraction syndrome	HP:0012385,HP:0000023,HP:0025259,HP:0002974,HP:0000347,HP:0010034,HP:0002650,HP:0002007,HP:0001257,HP:0000158,HP:0000054,HP:0000047,HP:0000126,HP:0011800,HP:0000463,HP:0100876,HP:0000280,HP:0000369,HP:0009748,HP:0000407,HP:0001601,HP:0006532,HP:0001263,HP:0001605,HP:0001250,HP:0002119,HP:0033078,HP:0031507,HP:0001508
SYN-064	HG00635	MCCC1	chr3	183037432	A	C	missense_variant	3-Methylcrotonyl-CoA carboxylase 1 deficiency	HP:0001903,HP:0003234,HP:4000206,HP:0000790,HP:0033111,HP:0033596,HP:0001945,HP:0000218,HP:0010307,HP:0011951,HP:0000639,HP:0002015,HP:0002187,HP:0003487,HP:0001250,HP:0002510,HP:0002311,HP:0100785,HP:0000737,HP:0012015,HP:0012012,HP:0001347,HP:0007325,HP:0002283,HP:0000952,HP:0002572,HP:0011968,HP:0001508,HP:0008850
SYN-065	HG00640	BRAF	chr7	140801502	T	C	missense_variant	Cardiofaciocutaneous syndrome	HP:0000520,HP:0000316,HP:0000486,HP:0001744,HP:0000369,HP:0000391,HP:0000465,HP:0000475,HP:0000218,HP:0000341,HP:0000494,HP:0002223,HP:0003196,HP:0000256,HP:0001270,HP:0001249,HP:0000717,HP:0002059,HP:0011968,HP:0002967,HP:0001252,HP:0000767,HP:0100625,HP:0004322,HP:0001642,HP:0008070,HP:0002212,HP:0000958,HP:0001048
SYN-066	HG00652	WDR83OS	chr19	12669353	C	A	missense_variant	Neurodevelopmental disorder with variable familial hypercholanemia	HP:0003155,HP:0002908,HP:0000316,HP:0000486,HP:0000508,HP:0002020,HP:0033733,HP:0000278,HP:0000252,HP:0000194,HP:0000232,HP:0010804,HP:0002002,HP:0002553,HP:0000574,HP:0000664,HP:0000989,HP:0025336,HP:0031936,HP:0001344,HP:0001249,HP:0000729,HP:0003763,HP:0100716,HP:0000817,HP:0032794,HP:0002188,HP:0001324,HP:0001252
SYN-067	HG00657	CACHD1	chr1	64666168	G	A	missense_variant	Davis-Wells syndrome	HP:0001545,HP:0004792,HP:0010055,HP:0001763,HP:0002650,HP:0000470,HP:0000243,HP:0009898,HP:0006610,HP:0008551,HP:0009905,HP:0000358,HP:0009909,HP:0001513,HP:0001140,HP:0000486,HP:0025325,HP:0000957,HP:0000956,HP:0006889,HP:0000744,HP:0007018,HP:0000737,HP:5200021,HP:0000739,HP:0012433,HP:0011332,HP:0000579
SYN-068	HG00671	IKZF2	chr2	213049830	C	G	missense_variant	Immunodysregulation, craniofacial anomalies, hearing impairment, athelia, and developmental delay	HP:0020206,HP:0000403,HP:0000365,HP:0001263,HP:0001344,HP:4000079,HP:0012168,HP:0000717,HP:0000817,HP:0000047,HP:0011108,HP:0000248,HP:0000175,HP:0000322,HP:0000670,HP:0011800,HP:0000637,HP:0030001,HP:0000452,HP:0001742,HP:0002561,HP:0011471,HP:0100750,HP:0006532,HP:0030828,HP:0002643,HP:0031545,HP:0005403
SYN-069	HG00683	MAN2B2	chr4	6575322	G	A	missense_variant	Congenital disorder of glycosylation type 1EE with or without immunodeficiency	HP:0000252,HP:0000486,HP:0009098,HP:0002633,HP:0001263,HP:0001269,HP:0002171,HP:0040197,HP:0002240,HP:0002028,HP:0001873,HP:0001903,HP:0001888,HP:0410378,HP:0410377,HP:0031545,HP:0033207,HP:0032128,HP:0031402,HP:0003212,HP:0001727,HP:0003565,HP:0011227,HP:0005086,HP:6001197,HP:0008843,HP:0006532,HP:0410028
SYN-070	HG00691	RBSN	chr3	15090399	C	G	missense_variant	Myelofibrosis, congenital, with anemia, neutropenia, developmental delay, and ocular abnormalities	HP:0000010,HP:0000341,HP:0000581,HP:0000526,HP:0000568,HP:0000612,HP:0001093,HP:0001888,HP:0001875,HP:0010864,HP:0001344,HP:0001263,HP:0002540,HP:0031020,HP:0001903,HP:0020062,HP:0033281,HP:0002155,HP:0004322,HP:0001684,HP:0001655,HP:0001252,HP:0001324,HP:0003202,HP:0002750,HP:0001385,HP:0002240,HP:0011471
SYN-071	HG00699	FDXR	chr17	74866833	G	A	missense_variant	Multiple mitochondrial dysfunctions syndrome 9B	HP:0002791,HP:0011923,HP:0011924,HP:0008314,HP:0034692,HP:0004322,HP:0004324,HP:0000960,HP:0002015,HP:0002019,HP:0011471,HP:0025406,HP:0000252,HP:0000648,HP:0100704,HP:0025373,HP:0001263,HP:0002376,HP:0001257,HP:0002329,HP:0000713,HP:0000737,HP:0001332,HP:0001272,HP:0034295,HP:0002650,HP:0001252
SYN-072	HG00704	FASTKD5	chr20	3147861	G	A	missense_variant	Mitochondrial complex IV deficiency, nuclear type 24	HP:0002015,HP:0002578,HP:0003546,HP:0000470,HP:0003689,HP:0003688,HP:0002063,HP:0100295,HP:0100297,HP:0000283,HP:0011800,HP:0002490,HP:0011951,HP:0010544,HP:0007979,HP:0020045,HP:0001141,HP:0000529,HP:0000508,HP:0001300,HP:0033051,HP:0002591,HP:0001254,HP:0002505,HP:0001332,HP:0012707,HP:0005144
SYN-073	HG00709	BBS2	chr16	56510923	T	C	missense_variant	Bardet-Biedl syndrome 2	HP:0000041,HP:0000047,HP:0000003,HP:0010946,HP:0012622,HP:0000103,HP:0000319,HP:0000233,HP:0000494,HP:0012745,HP:0000414,HP:0000311,HP:0000490,HP:0000510,HP:0032285,HP:0007994,HP:0000662,HP:0031624,HP:0001263,HP:0001249,HP:0001959,HP:0001830,HP:0001162,HP:0011939,HP:0001511,HP:0001513,HP:0000822
SYN-074	HG00732	NAA80	chr3	50297141	A	G	missense_variant	Auroneurodental syndrome	HP:0000407,HP:0000369,HP:0000411,HP:0000316,HP:0000699,HP:0002553,HP:0000286,HP:0000508,HP:0002162,HP:0000160,HP:0000219,HP:0006342,HP:0000278,HP:0100716,HP:0001252,HP:0011968,HP:0012378,HP:0001263,HP:0002066,HP:0003701,HP:0003327,HP:0001182,HP:0025372,HP:0006956,HP:0034295,HP:0012450
SYN-075	HG00737	TRAF7	chr16	2174315	T	G	missense_variant	Cardiac, facial, and digital anomalies with developmental delay	HP:0000064,HP:0000218,HP:0000341,HP:0000506,HP:0045025,HP:0000252,HP:0000268,HP:0000278,HP:0000470,HP:0000316,HP:0000486,HP:0000646,HP:0000508,HP:0011003,HP:0000411,HP:0000405,HP:0031936,HP:0010862,HP:0000750,HP:0010864,HP:0001320,HP:0002033,HP:0004322,HP:0001508,HP:0001643,HP:0001252
SYN-076	HG00742	MTOR	chr1	11130747	C	T	missense_variant	Smith-Kingsmore syndrome	HP:0001538,HP:0002240,HP:0001838,HP:0005490,HP:0002007,HP:0030799,HP:0000194,HP:0002263,HP:0000319,HP:0000343,HP:0000341,HP:0000494,HP:0005280,HP:0001763,HP:0025116,HP:0000369,HP:0009748,HP:0002212,HP:0000957,HP:0001263,HP:0031936,HP:0001249,HP:0001250,HP:0012110,HP:0002079,HP:0034295
SYN-077	HG00851	OAS2	chr12	113006516	C	G	missense_variant	Autoinflammation and autoimmunity, systemic, with immune dysregulation 2	HP:0002573,HP:0030151,HP:0020062,HP:0001342,HP:0000421,HP:0002153,HP:0030948,HP:0001942,HP:0012593,HP:0002907,HP:0002633,HP:0001658,HP:0011675,HP:0012251,HP:0000822,HP:0000099,HP:0033041,HP:0033559,HP:0003493,HP:0001269,HP:0001250,HP:0012622,HP:0004719,HP:0032948,HP:0000096,HP:0000092
SYN-078	HG00956	KMT2D	chr12	49034233	A	G	missense_variant	Kabuki Syndrome 1	HP:0000083,HP:0010804,HP:0006335,HP:0004467,HP:0002553,HP:0000453,HP:0005280,HP:0000430,HP:0003196,HP:0100272,HP:0000316,HP:0008551,HP:0011381,HP:0000407,HP:0001256,HP:0000750,HP:0001263,HP:0001270,HP:0002561,HP:0000821,HP:0000829,HP:0001545,HP:0003510,HP:0008897,HP:0031631,HP:0033328
SYN-079	HG01031	SC5D	chr11	121307244	G	A	missense_variant	Lathosterolosis	HP:0000252,HP:0000518,HP:0000347,HP:0001830,HP:0005768,HP:0000085,HP:0005608,HP:0001406,HP:0000508,HP:0005274,HP:0000215,HP:0000341,HP:0000286,HP:0000463,HP:0000343,HP:0001395,HP:0030948,HP:0031964,HP:0031956,HP:0003155,HP:0002904,HP:0001987,HP:0000939,HP:0034936,HP:0004823,HP:0003316
SYN-080	HG01050	ITGAV	chr2	186625496	G	C	missense_variant	Immune dysregulation, neurodevelopmental defects, and colitis	HP:0010479,HP:0000193,HP:0000252,HP:0031813,HP:0002583,HP:0001545,HP:0030991,HP:0000568,HP:0000488,HP:0030490,HP:0032337,HP:0003237,HP:0002720,HP:0004349,HP:0001252,HP:0001263,HP:0001250,HP:0002188,HP:0002119,HP:0034295,HP:0006989,HP:0025646,HP:0001047,HP:0001581,HP:0002841,HP:0001880
SYN-081	HG01055	MAPK8IP3	chr16	1767834	C	T	missense_variant	Neurodevelopmental disorder with or without variable brain abnormalities	HP:0001263,HP:0002342,HP:0100704,HP:0033725,HP:0000322,HP:0000574,HP:0000463,HP:0000426,HP:0000160,HP:0001252,HP:0007301,HP:0002311,HP:0002317,HP:0006956,HP:0002020,HP:0002650,HP:0001238,HP:0002808,HP:0045025,HP:0003307,HP:0000276,HP:0002857,HP:0000486,HP:0002240,HP:0001956,HP:0000218
SYN-082	HG01062	MOCS3	chr20	50959611	G	A	missense_variant	Molybdenum cofactor deficiency, type B2	HP:0002093,HP:0006532,HP:0032350,HP:0011814,HP:0011943,HP:0010934,HP:0005484,HP:0002307,HP:0000343,HP:0000689,HP:0000316,HP:0001249,HP:0001263,HP:0000750,HP:0001347,HP:0100035,HP:0002078,HP:0000717,HP:0001181,HP:0001166,HP:0010511,HP:0002967,HP:0001290,HP:0001276,HP:0005639,HP:0001833
SYN-083	HG01068	ERI1	chr8	9011704	A	T	missense_variant	Spondyloepimetaphyseal dysplasia, Guo-Campeau type	HP:0001159,HP:0004322,HP:0001773,HP:0004279,HP:0004570,HP:0002827,HP:0003083,HP:0001611,HP:0010669,HP:0000582,HP:0000520,HP:0040022,HP:0040024,HP:0004209,HP:0001763,HP:0005019,HP:0006094,HP:0003184,HP:0001377,HP:0000268,HP:0008551,HP:0000369,HP:0000076,HP:0002650,HP:0000126,HP:0002099
SYN-084	HG01073	CDK10	chr16	89693468	G	A	missense_variant	Al Kaissi syndrome	HP:0004322,HP:0004325,HP:0001511,HP:0008897,HP:0000286,HP:0000319,HP:0000343,HP:0000506,HP:0000455,HP:0000431,HP:0000218,HP:0000358,HP:0000369,HP:0001263,HP:0031936,HP:0000750,HP:0001249,HP:0030084,HP:0200055,HP:0430046,HP:0000272,HP:0000486
SYN-085	HG01080	CRELD1	chr3	9942863	T	C	missense_variant	Jeffries-Lakhani neurodevelopmental syndrome	HP:0001252,HP:0033454,HP:0002870,HP:0032794,HP:0010862,HP:0002194,HP:0000750,HP:0001263,HP:0000637,HP:0003763,HP:0000252,HP:0400000,HP:0000545,HP:0002058,HP:0000483,HP:0002540,HP:0002169,HP:0001385,HP:0001875,HP:0001873,HP:0000821,HP:0004322,HP:0200055,HP:0003065,HP:0001596,HP:0002751
SYN-086	HG01085	SMC3	chr10	110589913	T	TGCA	inframe_indel	Cornelia de Lange syndrome 3	HP:0001263,HP:0000286,HP:0000218,HP:0000369,HP:0000574,HP:0000252,HP:0002714,HP:0005280,HP:0000463,HP:0002553,HP:0000278,HP:0000470,HP:0000331,HP:0000341,HP:0000527,HP:0007665,HP:0010750,HP:0000664,HP:0008872,HP:0004209,HP:0010044,HP:0004691,HP:0009237,HP:0010047,HP:0009623,HP:0001508,HP:0000508,HP:0002194,HP:0000294,HP:0001655,HP:0000965
SYN-087	HG01092	SMARCB1	chr22	23833669	GAGA	G	inframe_indel	Coffin-Siris syndrome 3	HP:0000646,HP:0000508,HP:0000028,HP:0000252,HP:0000289,HP:0000215,HP:0000179,HP:0000218,HP:0000527,HP:0000574,HP:0000431,HP:0002209,HP:0001250,HP:0000752,HP:0010864,HP:0001263,HP:0001273,HP:0004322,HP:0001518,HP:0000998,HP:0001651,HP:0002719,HP:0001537,HP:0000023,HP:0002036,HP:0002021,HP:0002020,HP:0011968,HP:0002650,HP:0001252
SYN-088	HG01098	TOP2B	chr3	25629071	ATGC	A	inframe_indel	B-cell immunodeficiency, distal limb anomalies, and urogenital malformations	HP:0000316,HP:0001508,HP:0002553,HP:0000979,HP:0011132,HP:0000020,HP:0002342,HP:0007359,HP:0011451,HP:0004315,HP:0002720,HP:0002850,HP:0012476,HP:0030252,HP:0002958,HP:0001973,HP:0011107,HP:0002783,HP:0002788,HP:0000047,HP:0030723,HP:0000160,HP:0000347,HP:0001245,HP:0009656,HP:0010109,HP:0010105,HP:0001845
SYN-089	HG01103	ETFB	chr19	51354220	GCCT	G	inframe_indel	Glutaric acidemia IIB	HP:0000347,HP:0001252,HP:0003241,HP:0033213,HP:0034648,HP:0003219,HP:0003150,HP:6001114,HP:0500251,HP:0100520,HP:0000113,HP:0005989,HP:0025116,HP:0001562,HP:0001987,HP:0001943,HP:0001942,HP:0002089,HP:0000369,HP:0001639,HP:0001640,HP:0002389,HP:0003270,HP:6001063
SYN-090	HG01108	LZTR1	chr22	20990489	CCAA	C	inframe_indel	Noonan syndrome 10	HP:0000494,HP:0001639,HP:0000316,HP:0000508,HP:0002212,HP:0000369,HP:0001249,HP:0004322,HP:0000768,HP:0002967,HP:0009891,HP:0000286,HP:0000953,HP:0007517,HP:0000962,HP:0000465,HP:0000470,HP:0004482,HP:0000648,HP:0001133
SYN-091	HG01113	ELFN1	chr7	1745068	ATCG	A	inframe_indel	Dursun-Ozgul neurodevelopmental syndrome	HP:0000179,HP:0000341,HP:0009890,HP:0000307,HP:0000286,HP:0000582,HP:0005280,HP:0002000,HP:0011451,HP:0000639,HP:0000486,HP:0006532,HP:0001252,HP:0001344,HP:0011342,HP:0031936,HP:0002540,HP:0001250,HP:0001508
SYN-092	HG01124	ANKH	chr5	14713618	GGTTTTCTTCAGT	G	inframe_indel	Craniometaphyseal dysplasia	HP:0002694,HP:0000365,HP:0004437,HP:0003155,HP:0010628,HP:0003015,HP:0002007,HP:0000256,HP:0009085,HP:0004407,HP:0000337,HP:0011225,HP:0000316,HP:0000276,HP:0000369,HP:0011386,HP:0000358,HP:0000506,HP:0002684
SYN-093	HG01133	TGFBR1	chr9	99137977	TAAGATA	C	inframe_indel	Loeys-Dietz syndrome 1	HP:0000592,HP:0000316,HP:0000545,HP:0000268,HP:0000272,HP:0000286,HP:0000978,HP:0001075,HP:0001065,HP:0000974,HP:0010648,HP:0001519,HP:0005116,HP:0002619,HP:0001634,HP:0001653,HP:0001763,HP:0002650,HP:0001382
SYN-094	HG01138	B3GALT6	chr1	1232684	GTGCTGGCCA	G	inframe_indel	Ehlers-Danlos syndrome, spondylodysplastic type, 2	HP:0010575,HP:0002827,HP:0430047,HP:0006094,HP:0002751,HP:0001027,HP:0000973,HP:0008824,HP:0003015,HP:0002822,HP:0011220,HP:0012368,HP:0000175,HP:0002996,HP:0001252,HP:0000520,HP:0000926,HP:0004568
SYN-095	HG01148	SPINK5	chr5	148111891	TTCTTGTGAGTGGGCGGCAGCCACTG	CT	inframe_indel	Netherton syndrome	HP:0045074,HP:0045075,HP:0000653,HP:0000365,HP:0001263,HP:0001287,HP:0005421,HP:0004315,HP:0001019,HP:0100806,HP:0004906,HP:0008064,HP:0001596,HP:0002242,HP:0002028,HP:0100658,HP:0001252
SYN-096	HG01164	DCLRE1C	chr10	14954009	A	G	start_lost	Omenn syndrome	HP:0030252,HP:0033222,HP:0040218,HP:0001880,HP:0032132,HP:0002850,HP:0003212,HP:0040189,HP:0030350,HP:0000964,HP:0000561,HP:0002223,HP:0002293,HP:0001433,HP:0008940,HP:0020086,HP:0100806
SYN-097	HG01171	TRA2B	chr3	185937859	A	C	start_lost	Ramond-Elliott neurodevelopmental syndrome	HP:0000252,HP:0012450,HP:0011968,HP:0008936,HP:0000483,HP:0000750,HP:0011344,HP:0031936,HP:0001249,HP:0000729,HP:0002283,HP:0002119,HP:0004322,HP:0004325,HP:0001643,HP:0001655
SYN-098	HG01176	GCSH	chr16	81096278	T	C	start_lost	Multiple mitochondrial dysfunctions syndrome 7	HP:0000194,HP:0000212,HP:0000463,HP:0005484,HP:0000268,HP:0002154,HP:0500230,HP:0011448,HP:0001276,HP:0034893,HP:0012707,HP:0001263,HP:0001254,HP:0032794,HP:0011968
SYN-099	HG01184	MSL2	chr3	136195113	T	C	start_lost	Karayol-Borroto-Haghshenas neurodevelopmental syndrome	HP:0002104,HP:0001382,HP:0000490,HP:0000577,HP:0011003,HP:0010529,HP:0001249,HP:0010863,HP:0002474,HP:0002870,HP:0025267,HP:0000729,HP:0001263,HP:0000193,HP:0000494
SYN-100	HG01191	PTBP1	chr19	797500	G	A	start_lost	STAD syndrome	HP:0010049,HP:0009882,HP:0011069,HP:0000337,HP:0000300,HP:0000541,HP:0000486,HP:0000501,HP:0011003,HP:0000939,HP:0000369,HP:0002078,HP:0007305,HP:0003508
SYN-101	HG00097	ABCA4	chr1	94060760	C	T	missense_variant	Retinitis pigmentosa 19	HP:0000662,HP:0000543,HP:0001133,HP:0032286,HP:0030491,HP:0000550,HP:0000580
SYN-102	HG00099	ABCB7	chrX	75053585	C	T	missense_variant	Anemia, sideroblastic, and spinocerebellar ataxia	HP:0001263,HP:0002470,HP:0001260,HP:0001321,HP:0000639,HP:0002172,HP:0000602
SYN-103	HG00100	ABCC8	chr11	17404525	G	A	missense_variant	Maturity-onset diabetes of the young, type 12	HP:0012594,HP:0004904,HP:0040217,HP:0003119,HP:0030795,HP:0000488,HP:0001271,HP:0002754
SYN-104	HG00101	ACBD6	chr1	180502080	C	A	missense_variant	Neurodevelopmental disorder with progressive movement abnormalities	HP:0001263,HP:0000750,HP:0031936,HP:0000729,HP:0000718,HP:0100716,HP:0025161,HP:0002360,HP:0002069,HP:0000280,HP:0025331,HP:0005280,HP:0000445,HP:0000232,HP:0000219,HP:0001251,HP:0000582,HP:0001337,HP:0025403,HP:0002061,HP:0002172,HP:0007068
SYN-105	HG00103	ACTA1	chr1	229432596	G	C	missense_variant	Congenital myopathy 2A, typical, autosomal dominant	HP:0008947,HP:0003701,HP:0002783,HP:0012735
SYN-106	HG00105	ACTB	chr7	5528050	A	C	missense_variant	Thrombocytopenia 8, with dysmorphic features and developmental delay	HP:0011229,HP:0011228,HP:0000286,HP:0000527,HP:0000490,HP:0000431,HP:0000455,HP:0000218,HP:0000307,HP:0001643,HP:0001873,HP:0032438,HP:0011877,HP:0011342
SYN-107	HG00106	ACTN1	chr14	68925641	C	T	missense_variant	Bleeding disorder, platelet-type, 15	HP:0001873,HP:0011877,HP:0032438
SYN-108	HG00107	ACVR1	chr2	157774114	C	T	missense_variant	Fibrodysplasia ossificans progressiva	HP:0001822,HP:0011987,HP:0001847,HP:0012531,HP:0003155
SYN-109	HG00109	ADA	chr20	44625566	C	G	missense_variant	Severe combined immunodeficiency due to ADA deficiency	HP:0001888,HP:0002720,HP:0004430,HP:0001954,HP:0002850,HP:0006532,HP:0001508,HP:0001270,HP:0009098,HP:0005359,HP:0030273
SYN-110	HG00110	ADA2	chr22	17182620	C	T	missense_variant	Vasculitis, autoinflammation, immunodeficiency, and hematologic defects syndrome	HP:0010702,HP:0002140,HP:0025528,HP:0002301,HP:0030880,HP:0005197,HP:0033260,HP:0003493,HP:0033833,HP:0030783,HP:0001954,HP:0034056,HP:0011107,HP:0002027
SYN-111	HG00111	ADAMTS10	chr19	8589302	C	A	missense_variant	Weill-Marchesani syndrome 1, recessive	HP:0000594,HP:0011003,HP:0007906,HP:0004322,HP:0001156,HP:0001387
SYN-112	HG00112	ADAMTS15	chr11	130449096	C	G	missense_variant	Arthrogryposis, distal, type 12	HP:0005879,HP:0001032,HP:0009130,HP:0009884,HP:0004209,HP:0033748,HP:0001762,HP:0001771,HP:0006466,HP:0006380,HP:0031006,HP:0000369,HP:0000486,HP:0000678,HP:0002650,HP:0003306,HP:0002942,HP:0000028
SYN-113	HG00114	ADAMTSL2	chr9	133570448	G	T	missense_variant	Geleophysic dysplasia 1	HP:0001561,HP:0002205,HP:0003066,HP:0001377,HP:0001263,HP:0004322,HP:0001488,HP:0000233,HP:0000343,HP:0003097,HP:0003022,HP:0005792,HP:0002750,HP:0009803,HP:0010049,HP:0001156
SYN-114	HG00115	ADGRG1	chr16	57659534	C	T	missense_variant	Cortical dysplasia, complex, with other brain malformations 14A, (bilateral frontoparietal)	HP:0001251,HP:0002069,HP:0007301,HP:0001270,HP:0007256
SYN-115	HG00116	ADRA2A	chr10	111078198	C	T	missense_variant	Lipodystrophy, familial partial, type 8	HP:0009125,HP:0025383,HP:0002155,HP:0003236,HP:0000819,HP:0000822,HP:0003074
SYN-116	HG00117	AFG3L2	chr18	12351096	G	A	missense_variant	Optic atrophy 12	HP:0001252,HP:0002064,HP:0002313,HP:0020119,HP:0000648,HP:0000639,HP:0000597,HP:0000618,HP:0000551,HP:0000365,HP:0003477,HP:0001347,HP:0002066,HP:0002059
SYN-117	HG00119	AGRN	chr1	1022225	G	A	missense_variant	Myasthenic syndrome, congenital, 8, with pre- and postsynaptic defects	HP:0002515,HP:0003701,HP:0003547,HP:0009027,HP:0030237,HP:0003393
SYN-118	HG00120	AIRE	chr21	44286007	A	G	missense_variant	Autoimmune polyendocrinopathy syndrome , type I, with or without reversible metaphyseal dysplasia	HP:0002289,HP:0002728,HP:0001096,HP:0000829,HP:0031817,HP:0008207
SYN-119	HG00121	AK9	chr6	109632911	T	A	missense_variant	Spermatogenic failure 89	HP:0003251,HP:0034011,HP:0012207,HP:0033393,HP:0032559
SYN-120	HG00122	AKT1	chr14	104770805	T	G	missense_variant	Cowden syndrome 6	HP:0025388,HP:0005584,HP:0012740
SYN-121	HG00125	ALG9	chr11	111836179	C	T	missense_variant	Congenital disorder of glycosylation, type Il	HP:0000252,HP:0001250,HP:0002188,HP:0001272,HP:0002059,HP:0001263,HP:0002240,HP:0001508
SYN-122	HG00126	AMN	chr14	102923978	T	A	missense_variant	Imerslund-Grasbeck syndrome 2	HP:0001889,HP:0000093,HP:0100502
SYN-123	HG00127	AMOTL1	chr11	94799659	C	T	missense_variant	Craniofaciocardiohepatic syndrome	HP:0000218,HP:0002650,HP:0011003,HP:0001396
SYN-124	HG00128	AMT	chr3	49422223	C	T	missense_variant	Glycine encephalopathy 2	HP:0001263,HP:0001250,HP:0002059,HP:0003108,HP:0010864
SYN-125	HG00130	APOA1	chr11	116836019	A	G	missense_variant	Amyloidosis, hereditary systemic 3	HP:0011034,HP:0002094,HP:0001635,HP:0031799,HP:0003233
SYN-126	HG00131	APOA4	chr11	116821862	G	C	missense_variant	Tubulointerstitial kidney disease, autosomal dominant 6	HP:0000092,HP:0000096,HP:0032948,HP:0003774,HP:0012213,HP:0001997,HP:0003124,HP:0000822
SYN-127	HG00132	ARHGEF15	chr17	8315095	G	A	missense_variant	Brain small vessel disease 5 with osteoporosis	HP:0000819,HP:0031589,HP:0001279,HP:0002354,HP:0012520,HP:0032325,HP:0030892
SYN-128	HG00133	ARMC9	chr2	231206294	G	T	missense_variant	Joubert syndrome 30	HP:0002419,HP:0001263,HP:0000556,HP:0000496
SYN-129	HG00137	ASAH1	chr8	18075541	G	A	missense_variant	Spinal muscular atrophy with progressive myoclonic epilepsy	HP:0012473,HP:0001308,HP:0025190,HP:0001336,HP:0002322,HP:0002515,HP:0001265,HP:0003551,HP:0003391,HP:0000467
SYN-130	HG00138	ASCC3	chr6	100606829	C	T	missense_variant	Intellectual developmental disorder, autosomal recessive 81	HP:0008936,HP:0012389,HP:0001263,HP:0002194,HP:0010862,HP:0001511,HP:0002015,HP:0000470,HP:0000938,HP:0002816,HP:0003025,HP:0000175
SYN-131	HG00139	ASS1	chr9	130480447	G	A	missense_variant	Citrullinemia	HP:0011966,HP:0001987,HP:0001250,HP:0001254,HP:0002027
SYN-132	HG00140	ATG4D	chr19	10547235	G	A	missense_variant	Spermatogenic failure 101	HP:0011961,HP:0003251,HP:0040171
SYN-133	HG00142	ATP13A2	chr1	16986864	A	C	missense_variant	Kufor-Rakeb syndrome	HP:0000473,HP:0000605,HP:0000514,HP:0003487,HP:0002067,HP:0001300,HP:0000716,HP:0000726,HP:0001347,HP:0002063
SYN-134	HG00143	ATP2A2	chr12	110339543	G	A	missense_variant	Rhabdomyolysis, susceptibility to, 2	HP:0002913,HP:0003701,HP:0008942,HP:0003326
SYN-135	HG00145	ATP5F1B	chr12	56642532	T	G	missense_variant	Dystonia 38	HP:0002530,HP:0002451,HP:0007325
SYN-136	HG00146	ATP6V0C	chr16	2519744	A	T	missense_variant	Epilepsy, early-onset, 3, with or without developmental delay	HP:0002373,HP:0002069,HP:0010819,HP:0001263,HP:0000750,HP:0001249,HP:0033715,HP:0002353
SYN-137	HG00149	ATP6V1A	chr3	113784227	G	A	missense_variant	Cutis laxa, autosomal recessive, type IID	HP:0000973,HP:0000621,HP:0000316,HP:0000298,HP:0000325,HP:0000431,HP:0009933,HP:0000581,HP:0000369,HP:0001629,HP:0002827,HP:0001252
SYN-138	HG00150	ATP6V1E1	chr22	17592721	G	A	missense_variant	Cutis laxa, autosomal recessive, type IIC	HP:0000973,HP:0000325,HP:0000307,HP:0012810,HP:0000444,HP:0000350,HP:0000369,HP:0000621,HP:0001385,HP:0001252,HP:0002751,HP:0001519,HP:0002108,HP:0000316,HP:0012301
SYN-139	HG00151	B2M	chr15	44715641	G	A	missense_variant	Amyloidosis, hereditary systemic 6	HP:0100292,HP:0002028,HP:0012450
SYN-140	HG00154	BAG3	chr10	119672372	C	T	missense_variant	Charcot-Marie-Tooth disease, axonal, type 2JJ	HP:0003236,HP:0000762,HP:0006937,HP:0002166
SYN-141	HG00157	BAIAP2	chr17	81104066	C	G	missense_variant	Developmental and epileptic encephalopathy 120	HP:0001263,HP:0001270,HP:0000750,HP:0001256,HP:0025190,HP:0011147,HP:0032794,HP:0010819,HP:0002353
SYN-142	HG00158	BBS1	chr11	66523885	G	A	missense_variant	Bardet-Biedl syndrome 1	HP:0002650,HP:0000545,HP:0007663,HP:0000662,HP:0001513
SYN-143	HG00159	BBS5	chr2	169487136	T	C	missense_variant	Bardet-Biedl syndrome 5	HP:0007401,HP:0007843,HP:0007663,HP:0000543,HP:0007737,HP:0000510,HP:0000662,HP:0001513,HP:0007787
SYN-144	HG00160	BCKDHB	chr6	80169013	C	T	missense_variant	Maple syrup urine disease, type Ib	HP:0011968,HP:0010911,HP:0010913,HP:0010910,HP:0001254,HP:0001250
SYN-145	HG00173	BCKDK	chr16	31110716	G	C	missense_variant	Branched-chain keto acid dehydrogenase kinase deficiency	HP:0011182,HP:0001249,HP:0001263,HP:0000729,HP:0000252,HP:0500132,HP:0500143,HP:0500144
SYN-146	HG00174	BNIP1	chr5	173144632	A	T	missense_variant	Spondylopeiphyseal dysplasia, Holling type	HP:0005484,HP:0002979,HP:0100864,HP:0010034,HP:0010236,HP:0003180,HP:0001216,HP:0000926,HP:0003300,HP:0008785,HP:0003375,HP:0002866,HP:0001562,HP:0004322,HP:0008897
SYN-147	HG00176	CAD	chr2	27226130	G	A	missense_variant	Developmental and epileptic encephalopathy 50	HP:0001947,HP:0001508,HP:0001903,HP:0001927,HP:0001981,HP:0004823,HP:0012134,HP:0001987,HP:0001250,HP:0001263,HP:0010862,HP:0002474,HP:0002136,HP:0002014,HP:0001252
SYN-148	HG00177	CALM1	chr14	90404693	C	G	missense_variant	Long QT syndrome 14	HP:0005184,HP:0001663,HP:0001695,HP:0012266
SYN-149	HG00179	CALM2	chr2	47161750	C	G	missense_variant	Long QT syndrome 15	HP:0005184,HP:0034305,HP:0001688,HP:0030149,HP:0011664
SYN-150	HG00180	CAPNS1	chr19	36142298	A	G	missense_variant	Pulmonary hypertension, primary, 6	HP:0001667,HP:0002104,HP:0002092,HP:0002094,HP:0004749,HP:0000961,HP:0001708,HP:0001678,HP:0025179,HP:0031185
SYN-151	HG00181	COL6A2	chr21	46125500	TTCGTCA	T	inframe_indel	Ullrich congenital muscular dystrophy 1B	HP:0006094,HP:0002827,HP:0000473,HP:0034671,HP:0034391,HP:0001252,HP:0001270,HP:0003701
SYN-152	HG00182	COMP	chr19	18786623	GGGC	G	inframe_indel	Pseudoachondroplasia	HP:0000926,HP:0200055,HP:0003183,HP:0008833,HP:0004568,HP:0003015,HP:0008802,HP:0001156,HP:0002515,HP:0012514
SYN-153	HG00185	GNAO1	chr16	56334827	CCCACTTCACATTCAAGAACCT	C	inframe_indel	Developmental and epileptic encephalopathy 17	HP:0000750,HP:0001263,HP:0025336,HP:0032792,HP:0002521,HP:0010851,HP:0001332,HP:0002421
SYN-154	HG00186	POPDC2	chr3	119654577	GTAGTGCAGAAAC	G	inframe_indel	Cardiac conduction disease with or without cardiomyopathy 2	HP:0005144,HP:0001639,HP:0011705,HP:0011707,HP:0001962,HP:0031676,HP:0006682,HP:0005110,HP:0004749
SYN-155	HG00187	RGS9BP	chr19	32676355	CGGACTCGCA	C	inframe_indel	Prolonged electroretinal response suppression 2	HP:0030511,HP:0030512,HP:0007663,HP:0000613
SYN-156	HG00188	SLC35C1	chr11	45806301	CCTT	C	inframe_indel	Congenital disorder of glycosylation, type IIc	HP:0010864,HP:0001263,HP:0000750,HP:0000729,HP:0001212,HP:0001156,HP:0200055,HP:0000403,HP:0000414,HP:0000349,HP:0000280,HP:0004322
SYN-157	HG00190	TPM2	chr9	35689795	ATCT	A	inframe_indel	Congenital myopathy 23	HP:0003798,HP:0003803,HP:0034392,HP:0001288,HP:0002650,HP:0007340,HP:0001250
SYN-158	HG00231	TYRP1	chr9	12698521	TCTGCACGGATGA	T	inframe_indel	Albinism, oculocutaneous, type III	HP:0000639,HP:0001010,HP:0005599
SYN-159	HG00232	UMOD	chr16	20349012	CTTCGGGGCAGA	AGGAGGCGG	inframe_indel	Tubulointerstitial kidney disease, autosomal dominant, 1	HP:0000103,HP:0003774,HP:0000089,HP:0000822
SYN-160	HG00233	WFS1	chr4	6301174	CCACCGAGGT	C	inframe_indel	Wolfram syndrome 1	HP:0000873,HP:0000819,HP:0000648,HP:0000639,HP:0000126,HP:0001251,HP:0000365
SYN-161	HG00235	ZIC2	chr13	99982753	C	CCCA	inframe_indel	Holoprosencephaly 5	HP:0005280,HP:0000252,HP:0000520,HP:0002507,HP:0012385
SYN-162	HG00236	APTX	chr9	32984704	T	A	stop_gained	Ataxia, early-onset, with oculomotor apraxia and hypoalbuminemia	HP:0001251,HP:0001265,HP:0000605,HP:0001260,HP:0002305
SYN-163	HG00237	ARHGEF18	chr19	7467400	G	T	stop_gained	Retinitis pigmentosa 78	HP:0000543,HP:0001123,HP:0011505,HP:0030786,HP:0007663,HP:0000662,HP:0000510,HP:0025159,HP:0000580
SYN-164	HG00238	ATRX	chrX	77520832	G	A	stop_gained	Alpha-thalassemia/impaired intellectual development syndrome	HP:0000252,HP:0010864,HP:0001935,HP:0002669,HP:0000054,HP:0000028,HP:0000316,HP:0002714,HP:0000280
SYN-165	HG00240	ATXN7L3	chr17	44197244	G	A	stop_gained	Harel-Tora neurodevelopmental syndrome	HP:0000286,HP:0000486,HP:0000369,HP:0002474,HP:0001263,HP:0031936,HP:0001347,HP:0002188,HP:0001252
SYN-166	HG00242	AXIN1	chr16	293507	G	A	stop_gained	Craniometadiaphyseal osteosclerosis with hip dysplasia	HP:0000341,HP:0002007,HP:0000463,HP:0005280,HP:0004482,HP:0002684,HP:0100670,HP:0003015,HP:0004618,HP:0001385,HP:0000935,HP:0011001,HP:0000316,HP:0000520,HP:0001263
SYN-167	HG00243	BUD13	chr11	116762901	G	A	stop_gained	Achalasia-progeroid syndrome	HP:0003124,HP:0000325,HP:0000337,HP:0011800,HP:0007392,HP:0000958,HP:0031568,HP:0001659,HP:0000407,HP:0000490,HP:0007957,HP:0000518,HP:0009064,HP:0002571,HP:0011968
SYN-168	HG00244	CAPRIN1	chr11	34086169	C	T	stop_gained	Neurodevelopmental disorder with language impairment, autism, and attention deficit-hyperactivity disorder	HP:0007018,HP:0000455,HP:0000490,HP:0000750
SYN-169	HG00246	CASP2	chr7	143304730	C	T	stop_gained	Intellectual developmental disorder, autosomal recessive 80, with variant lissencephaly	HP:0001263,HP:0001250,HP:0000238,HP:0001302,HP:0001252,HP:0000648
SYN-170	HG00250	CDK4	chr12	57751078	G	A	stop_gained	Microcephaly 31, primary, autosomal recessive	HP:0005484,HP:0025379,HP:0002608,HP:0033078,HP:0002925,HP:0011771,HP:0001249,HP:0001328,HP:0012110,HP:0009879,HP:0011931,HP:0002750,HP:0004322,HP:0008897
SYN-171	HG00251	CFAP57	chr1	43224076	C	T	stop_gained	Spermatogenic failure 95	HP:0034011,HP:0012207,HP:0003251
SYN-172	HG00252	CHD7	chr8	60741901	C	T	stop_gained	CHARGE syndrome	HP:0000278,HP:0010628,HP:0000193,HP:0000028,HP:0001290,HP:0000378,HP:0000480,HP:0001631,HP:0032466,HP:0033725,HP:0002015
SYN-173	HG00254	CHST14	chr15	40472009	T	TA	stop_gained	Ehlers-Danlos syndrome, musculocontractural type 1	HP:0005272,HP:0000316,HP:0000494,HP:0000664,HP:0000369,HP:0000219,HP:0000218,HP:0001181,HP:0001290,HP:0001382,HP:0000974,HP:0001270,HP:0000126,HP:0000028,HP:0001762
SYN-174	HG00255	CHUK	chr10	100205167	G	A	stop_gained	Fetal encasement syndrome	HP:0002101,HP:0001539,HP:0009816,HP:0009824,HP:0000776,HP:0009004,HP:0005623,HP:0002650,HP:0001558,HP:0000568,HP:0010576,HP:0001636,HP:0000085,HP:0025815,HP:0000963,HP:0000202,HP:0005105
SYN-175	HG00256	AAGAB	chr15	67236719	TG	T	frameshift_variant	Keratoderma, palmoplantar, punctate type IA	HP:0007530,HP:0045059,HP:0025114
SYN-176	HG00257	ALPK3	chr15	84840690	AC	A	frameshift_variant	Cardiomyopathy, familial hypertrophic 27	HP:0000218,HP:0000369,HP:0001712,HP:0200128,HP:0001639
SYN-177	HG00259	ANTXR2	chr4	79983928	CCA	C	frameshift_variant	Hyaline fibromatosis syndrome	HP:0000212,HP:0034392,HP:0002829,HP:0030350,HP:0000737,HP:0002243,HP:0031359,HP:0004395,HP:0003073,HP:0002902
SYN-178	HG00260	ARHGAP19	chr10	97263447	G	GT	frameshift_variant	Charcot-Marie-Tooth disease, axonal, type 2KK	HP:0001765,HP:0003707,HP:0008981,HP:0009027,HP:0009053,HP:0001763,HP:0008944,HP:0003477,HP:0006937,HP:0001288
SYN-179	HG00261	ASPM	chr1	197124923	TATCCACA	T	frameshift_variant	Microcephaly 5, primary, autosomal recessive	HP:0001249,HP:0004322,HP:0004325,HP:0000252
SYN-180	HG00262	BRD4	chr19	15263537	C	TG	frameshift_variant	Cornelia de Lange syndrome 6	HP:0000343,HP:0000664,HP:0003196,HP:0000252,HP:0001263,HP:0001511
SYN-181	HG00264	BRPF1	chr3	9742051	G	GATGC	frameshift_variant	Intellectual developmental disorder with dysmorphic facies and ptosis	HP:0011968,HP:0000494,HP:0000431,HP:0001382,HP:0000508,HP:0000316,HP:0001250,HP:0000311,HP:0001249,HP:0001263,HP:0000750,HP:0031936
SYN-182	HG00265	C10ORF71	chr10	49324457	GA	G	frameshift_variant	Cardiomyopathy, dilated, 1QQ	HP:0034307,HP:0011664,HP:0001644
SYN-183	HG00266	CAPN1	chr11	65183541	TC	T	frameshift_variant	Spastic paraplegia 76, autosomal recessive	HP:0002061,HP:0011448,HP:0001761
SYN-184	HG00267	CCDC146	chr7	77282747	AG	A	frameshift_variant	Spermatogenic failure 94	HP:0034011,HP:0012207,HP:0003251,HP:0032559,HP:0032560,HP:0032558,HP:0034309
SYN-185	HG00269	CCT3	chr1	156311164	TG	T	frameshift_variant	Neurodevelopmental disorder with speech or visual impairment and brain hypomyelination	HP:0000252,HP:0000657,HP:0000505,HP:0011344,HP:0001249,HP:0007256,HP:0100022,HP:0001251,HP:0000718,HP:0000711,HP:0003429,HP:0001272
SYN-186	HG00271	CEP295	chr11	93667658	CAG	C	frameshift_variant	Seckel syndrome 11	HP:0004322,HP:0000219,HP:0000340,HP:0011968,HP:0008897,HP:0100040,HP:0009879,HP:0000426,HP:0000343,HP:0000319,HP:0030084,HP:0000411,HP:0002553,HP:0001643,HP:0011451,HP:0001511,HP:0002575
SYN-187	HG00272	CFAP206	chr6	87434981	C	CA	frameshift_variant	Spermatogenic failure 102	HP:0003251,HP:0012208,HP:0032562,HP:0032558,HP:0032559,HP:0032560,HP:0033393
SYN-188	HG00273	CHRDL1	chrX	110762798	GTC	G	frameshift_variant	Megalocornea 1, X-linked	HP:0000485,HP:0007765,HP:0007663
SYN-189	HG00275	CNTNAP2	chr7	147300152	AAT	A	frameshift_variant	Pitt-Hopkins like syndrome 1	HP:0001263,HP:0001249,HP:0000817,HP:0000718,HP:0002353,HP:0007334,HP:0001252,HP:0030746,HP:0001251
SYN-190	HG00276	CMPK2	chr2	6865695	A	G	start_lost	Basal ganglia calcification, idiopathic, 10, autosomal recessive	HP:0031627,HP:0025041,HP:0007352
SYN-191	HG00277	COQ7	chr16	19067667	G	T	start_lost	Neuronopathy, distal hereditary motor, autosomal recessive 9	HP:0001288,HP:0008959,HP:0009053,HP:0001761,HP:0001347,HP:0031993,HP:0007210
SYN-192	HG00278	GLUL	chr1	182388737	T	A	start_lost	Developmental and epileptic encephalopathy 116	HP:0012736,HP:0002069,HP:0200134,HP:0001252,HP:0003429
SYN-193	HG00281	KRT9	chr17	41571523	A	C	start_lost	Palmoplantar keratoderma, epidermolytic, 1	HP:0007559,HP:0010765,HP:0007556
SYN-194	HG00282	SPG7	chr16	89553932	G	C	missense_variant	Spastic paraplegia 7, autosomal recessive	HP:0001288,HP:0002061,HP:0002395,HP:0000605,HP:0001272,HP:0033051,HP:0001260,HP:0000639
SYN-195	HG00284	CCIN	chr9	36169627	A	T	missense_variant	Spermatogenic failure 91	HP:0012205,HP:0003251,HP:0032560,HP:0033393
SYN-196	HG00285	FLNB	chr3	58077261	G	C	missense_variant	Larsen syndrome	HP:0000343,HP:0005280,HP:0000316,HP:0004976,HP:0002827,HP:0002650,HP:0002947,HP:0001623,HP:0010049,HP:0002987
SYN-197	HG00290	SPINT2	chr19	38283685	G	GTA	frameshift_variant	Diarrhea 3, secretory sodium, congenital, syndromic	HP:0000567,HP:0410030,HP:0000175,HP:0011220,HP:0004467,HP:0002902,HP:0001944,HP:0001508,HP:0011106,HP:0002014
SYN-198	HG00304	SLC6A17	chr1	110174012	G	A	missense_variant	Intellectual developmental disorder, autosomal recessive 48	HP:0000343,HP:0000218,HP:0000303,HP:0045025,HP:0000400,HP:0002378,HP:0000748,HP:0000722,HP:0000718,HP:0100716,HP:0000712,HP:0002342,HP:0000750,HP:0001263,HP:0200055
SYN-199	HG00306	HMGCR	chr5	75355129	T	C	missense_variant	Muscular dystrophy, limb-girdle, autosomal recessive 28	HP:0100297,HP:0003803,HP:0100299,HP:0003687,HP:0003713,HP:0003557,HP:0003701,HP:0003327,HP:0003326,HP:0002747
SYN-200	HG00308	FRYL	chr4	48548696	A	G	missense_variant	Pan-Chung-Bellen syndrome	HP:0002007,HP:0002360,HP:0000717,HP:0001249,HP:0000750,HP:0001263,HP:0002539,HP:0034396,HP:0001252
